"","size","lat","lon"
"2",1,-41.4545196,145.9706648
"3",6,-38.416097,-63.616672
"4",1,-38.0054771,-57.5426106
"5",1,-37.9619053,146.9886238
"6",3,-37.813611,144.963056
"7",1,-37.7760015,144.8261797
"8",1,-35.2809368,149.1300092
"9",1,-34.9204948,-57.9535657
"10",1,-34.7611823,-58.4302476
"11",2,-34.6036844,-58.3815591
"12",1,-34.4529709,-58.6429866
"13",3,-33.9248685,18.4240553
"14",1,-33.8786748,18.6947617
"15",4,-33.8688197,151.2092955
"16",1,-33.6404794,19.0096562
"17",1,-33.4488897,-70.6692655
"18",1,-33.4314474,-70.6093325
"19",2,-33.0291582,27.8545867
"20",1,-32.885101,151.7239497
"21",6,-30.559482,22.937506
"22",1,-29.6006068,30.3794118
"23",1,-29.3344108,-49.723909
"24",1,-28.6473671,153.601977
"25",1,-27.5946645,-48.5505484
"26",1,-26.2607243,28.4630376
"27",1,-26.2233613,27.848726
"28",2,-26.2041028,28.0473051
"29",1,-26.1574729,28.5914696
"30",1,-26.0963217,27.8076959
"31",1,-26.0063121,28.2108827
"32",2,-25.864029,28.0888578
"33",1,-25.7478676,28.2292712
"34",1,-25.4289541,-49.267137
"35",1,-25.274398,133.775136
"36",1,-25.216609,31.564169
"37",1,-23.8961708,29.4486263
"38",3,-23.5505199,-46.6333094
"39",1,-23.5015338,-47.4525944
"40",1,-22.9846604,-43.200845
"41",3,-22.9068467,-43.1728965
"42",1,-21.0159418,-42.2559685
"43",1,-20.9030555,27.4556388
"44",1,-20.8375261,-42.6562703
"45",1,-19.7963816,34.8844867
"46",1,-18.665695,35.529562
"47",1,-18.5872582,-46.5146749
"48",1,-17.679742,-149.406843
"49",1,-17.6509195,-149.4260421
"50",1,-16.489689,-68.1192936
"51",1,-16.4444127,-39.0653315
"52",2,-14.235004,-51.92528
"53",2,-12.2720956,-76.2710833
"54",1,-9.189967,-75.015152
"55",1,-8.7906945,115.1592718
"56",1,-8.6704582,115.2126293
"57",1,-8.3405389,115.0919509
"58",1,-7.5740867,112.28609
"59",1,-7.280135,112.6347636
"60",1,-7.2574719,112.7520883
"61",1,-6.8034945,-50.4864586
"62",1,-6.5971469,106.8060388
"63",1,-6.291714,106.7954479
"64",2,-6.2614927,106.8105998
"65",1,-6.2250138,106.9004472
"66",1,-6.2215396,106.7830437
"67",1,-6.2023936,106.6527099
"68",2,-6.1744651,106.822745
"69",1,-6.1683295,106.7588494
"70",1,-5.1782884,-80.6548882
"71",1,-4.5585849,105.4068079
"72",1,-2.1709979,-79.9223592
"73",1,-1.9574839,-79.9192702
"74",1,-1.2920659,36.8219462
"75",5,-0.789275,113.921327
"76",1,-0.1806532,-78.4678382
"77",1,0.5070677,101.4477793
"78",1,1.31474,103.894774
"79",1,1.352083,103.819836
"80",1,1.3765241,124.8323727
"81",1,1.492659,103.7413591
"82",1,3.8008893,-76.6412712
"83",1,3.8126318,103.3256204
"84",1,3.919305,-56.027783
"85",1,4.535277,114.727669
"86",2,4.570868,-74.297333
"87",3,4.7109886,-74.072092
"88",2,4.815554,7.0498442
"89",1,5.6037168,-0.1869644
"90",1,6.244203,-75.5812119
"91",1,6.2907432,-10.7605239
"92",2,6.42375,-66.58973
"93",7,6.5243793,3.3792057
"94",1,6.8649081,79.8996789
"95",1,7.4729813,80.3547286
"96",2,7.873054,80.771797
"97",2,7.9137001,-72.1416132
"98",2,7.9519331,98.3380884
"99",1,8.6228,-12.239184
"100",1,8.6231498,-70.2371045
"101",4,9.081999,8.675277
"102",1,9.9280694,-84.0907246
"103",1,9.9784936,-84.3738394
"104",1,10.1537842,-69.8597406
"105",1,10.2441931,-67.6066164
"106",1,10.3910485,-75.4794257
"107",2,10.4805937,-66.9036063
"108",2,10.691803,-61.222503
"109",1,10.9970723,-63.9113296
"110",1,11.3410364,77.7171642
"111",1,11.4500967,77.6822442
"112",1,12.1198363,79.3733064
"113",1,12.140657,-86.244181
"114",1,12.4460001,9.7232673
"115",1,12.7686756,75.2070644
"116",5,12.879721,121.774017
"117",1,12.92442,77.6600552
"118",2,12.9715987,77.5945627
"119",1,13.0826802,80.2707184
"120",1,13.1641308,100.9216588
"121",1,13.3611431,100.9846717
"122",4,13.6899991,100.7501124
"123",1,13.707744,-89.234371
"124",1,13.7354311,100.6408235
"125",10,13.7563309,100.5017651
"126",1,13.775975,100.5422695
"127",1,13.8158172,100.6156878
"128",1,13.82718,100.527847
"129",1,13.97992,100.556384
"130",1,14.0654264,100.6473542
"131",1,14.248601,121.0631599
"132",1,14.3532128,100.5689599
"133",1,14.466728,120.9994802
"134",1,14.4673541,78.8241339
"135",1,14.554729,121.0244452
"136",1,14.5567538,44.3861933
"137",2,14.5995124,120.9842195
"138",1,15.3172775,75.7138884
"139",1,15.5057232,80.049922
"140",1,15.7641991,77.4759334
"141",1,15.8281257,78.0372792
"142",10,15.870032,100.992541
"143",1,16.1100109,120.5163949
"144",2,16.3066525,80.4365402
"145",1,16.4851565,79.8900552
"146",2,16.5061743,80.6480153
"147",6,17.385044,78.486671
"148",1,17.3983774,78.5582652
"149",2,17.6868159,83.2184815
"150",1,17.7227887,83.3062172
"151",1,18.1119051,-66.166
"152",1,18.2148129,-63.0574406
"153",1,18.220833,-66.590149
"154",1,18.4725448,73.891454
"155",1,18.4902777,-89.2602777
"156",3,18.5204303,73.8567437
"157",2,18.6813049,-99.1013498
"158",1,18.7060641,98.9817163
"159",1,18.7530966,104.8742859
"160",2,19.0759837,72.8776559
"161",1,19.3121229,-98.1161069
"162",3,19.4326077,-99.133208
"163",1,19.433346,-99.1407456
"164",1,19.6382457,-99.1622211
"165",1,19.8967662,-155.5827818
"166",2,20,78
"167",1,20.0450379,99.8913421
"168",1,20.2090023,-100.8818401
"169",1,20.3893155,72.9106202
"170",9,20.593684,78.96288
"171",1,21.1458004,79.0881546
"172",1,21.151597,-100.9367183
"173",1,21.1702401,72.8310607
"174",1,21.5178869,70.5502916
"175",1,22.3038945,70.8021599
"176",1,22.396428,114.109497
"177",1,22.4486944,39.1335549
"178",1,22.543096,114.057865
"179",1,22.572646,88.363895
"180",10,23.634501,-102.552784
"181",1,23.69781,120.960515
"182",2,23.885942,45.079162
"183",1,24.597524,46.5502819
"184",1,24.7135517,46.6752957
"185",1,24.8614622,67.0099388
"186",1,25.1721091,-107.4795173
"187",1,25.2048493,55.2707828
"188",1,25.2621826,85.4788065
"189",1,25.5304773,77.2117733
"190",2,25.5940947,85.1375645
"191",1,25.6866142,-100.3161126
"192",1,25.72149,-80.2683838
"193",1,25.7333883,-80.2494221
"194",6,25.7616798,-80.1917902
"195",1,26.0764783,-80.2521157
"196",1,26.1037204,-80.2201825
"197",1,26.1224386,-80.1373174
"198",1,26.1275862,-80.2331036
"199",1,26.1280062,-98.0103453
"200",1,26.2445263,-80.206436
"201",2,26.3351,17.228331
"202",1,26.4643209,-81.7733903
"203",1,26.640628,-81.8723084
"204",1,26.820553,30.802498
"205",1,26.8467088,80.9461592
"206",1,27.6172411,88.6597047
"207",12,27.6648274,-81.5157535
"208",2,27.7172453,85.3239605
"209",1,27.7518284,-82.6267345
"210",1,27.8005828,-97.396381
"211",1,27.833086,-97.060316
"212",2,27.950575,-82.4571776
"213",1,28.0107088,-82.4354028
"214",1,28.033886,1.659626
"215",1,28.0582985,-81.8661442
"216",1,28.0836269,-80.6081089
"217",1,28.0888298,-80.6520272
"218",1,28.1450016,77.3367498
"219",1,28.2489016,-81.2811801
"220",2,28.2915637,-16.6291304
"221",1,28.2919557,-81.407571
"222",1,28.3352935,-81.4852882
"223",2,28.394857,84.124008
"224",1,28.4594965,77.0266383
"225",1,28.5355161,77.3910265
"226",1,28.5383355,-81.3792365
"227",3,28.6139391,77.2090212
"228",1,28.6618385,77.3776389
"229",1,28.677775,-81.3278455
"230",1,28.7040592,77.1024902
"231",1,28.9844618,77.7064137
"232",1,29.1374449,-95.0627691
"233",1,29.2435916,-81.0375555
"234",1,29.4241219,-98.4936282
"235",1,29.5293998,-95.2010447
"236",1,29.5955018,-95.6231312
"237",2,29.6516344,-82.3248262
"238",1,29.7262859,-95.3847031
"239",1,29.7381591,-94.8442859
"240",7,29.7604267,-95.3698028
"241",1,29.7857853,-95.8243956
"242",1,29.804096,-95.421366
"243",1,29.8093067,-95.3271708
"244",1,29.8433737,-95.1860618
"245",1,29.8483192,31.3368529
"246",2,29.9510658,-90.0715323
"247",1,30.042155,-96.002978
"248",1,30.2240897,-92.0198427
"249",2,30.267153,-97.7430608
"250",1,30.2788501,-97.7621558
"251",1,30.3321838,-81.655651
"252",1,30.375321,69.345116
"253",1,30.4868564,-90.9562125
"254",1,30.5330561,-92.0837143
"255",1,30.6735749,-96.373747
"256",1,30.7220358,31.244366
"257",1,30.8327022,-83.2784851
"258",2,31.1471305,75.3412179
"259",1,31.2000924,29.9187387
"260",1,31.230416,121.473701
"261",1,31.4504629,-83.5084973
"262",1,31.5546061,74.3571581
"263",2,31.7618778,-106.4850217
"264",1,31.844196,130.881067
"265",1,31.875925,-102.348366
"266",7,31.9685988,-99.9018131
"267",1,31.9973456,-102.0779146
"268",5,32.1656221,-82.9000751
"269",1,32.2124935,-80.742046
"270",1,32.2217429,-110.926479
"271",1,32.2987573,-90.1848103
"272",1,32.3139699,35.8350133
"273",2,32.3182314,-86.902298
"274",1,32.347947,-91.105717
"275",2,32.3546679,-89.3985283
"276",1,32.3645888,-89.4742348
"277",1,32.3668052,-86.2999689
"278",1,32.5884689,-96.9561152
"279",1,32.6098566,-85.4807825
"280",1,32.6602282,-117.0718638
"281",3,32.715738,-117.1610838
"282",2,32.735687,-97.1080656
"283",1,32.7362591,-96.8645856
"284",1,32.7427671,-117.1805098
"285",2,32.7764749,-79.9310512
"286",6,32.7766642,-96.7969879
"287",1,32.7908915,-115.7702814
"288",1,32.8055205,130.7062779
"289",2,32.8406946,-83.6324022
"290",1,32.8546197,-79.9748103
"291",1,32.9323788,-79.8260418
"292",2,32.940444,-97.1060202
"293",1,32.9412363,-97.1341783
"294",1,33.1506744,-96.8236116
"295",1,33.2015145,-117.3386911
"296",1,33.2098407,-87.5691735
"297",1,33.253734,-83.8985171
"298",2,33.3945681,-104.5229281
"299",1,33.4372686,-112.0077881
"300",7,33.4483771,-112.0740373
"301",1,33.4734978,-82.0105148
"302",1,33.4926777,-112.1221652
"303",1,33.4936391,-117.1483648
"304",1,33.5206608,-86.80249
"305",1,33.5386523,-112.1859866
"306",1,33.5422475,-117.7831104
"307",1,33.6839473,-117.7946942
"308",3,33.7174708,-117.8311428
"309",1,33.7205771,-116.2155619
"310",1,33.7458511,-117.826166
"311",11,33.7489954,-84.3879824
"312",2,33.7589188,-84.3640829
"313",1,33.759516,-117.845466
"314",1,33.7856197,-118.1674526
"315",1,33.7877944,-117.8531119
"316",1,33.816117,-84.365918
"317",1,33.8360034,-79.0478143
"318",4,33.836081,-81.1637245
"319",1,33.8403595,-84.3199435
"320",1,33.8937913,35.5017767
"321",1,33.9533487,-117.3961564
"322",1,34.0194543,-118.4911912
"323",1,34.0197983,-118.2398601
"324",1,34.0214143,-118.4042615
"325",1,34.0259216,-118.7797571
"326",1,34.047863,100.6196553
"327",3,34.0489281,-111.0937311
"328",1,34.0500313,-84.0885761
"329",26,34.0522342,-118.2436849
"330",1,34.0555693,-117.1825381
"331",1,34.0572092,-118.3645267
"332",1,34.0577463,-84.5521611
"333",1,34.0653826,-118.372443
"334",1,34.0686992,-118.4056599
"335",1,34.0900091,-118.3617443
"336",1,34.0928092,-118.3286614
"337",3,34.1140497,-83.9811014
"338",1,34.1705609,-118.8375937
"339",1,34.170582,-118.339838
"340",1,34.1808392,-118.3089661
"341",1,34.199688,-118.533845
"342",1,34.1999886,-118.5980248
"343",1,34.2086136,-118.1879648
"344",3,34.2331373,-102.4107493
"345",1,34.257038,-85.1646726
"346",1,34.3916641,-118.542586
"347",1,34.4538799,-118.577204
"348",1,34.4858993,133.3623127
"349",1,34.5199402,-105.8700901
"350",1,34.6403329,-86.7756899
"351",1,34.6422216,135.7826443
"352",1,34.664624,135.503074
"353",1,34.6762311,135.4860587
"354",2,34.690083,135.1955112
"355",3,34.6937378,135.5021651
"356",1,34.7303688,-86.5861037
"357",1,34.7688097,-88.864698
"358",1,34.7767191,-87.4744782
"359",1,34.8301347,135.417278
"360",1,34.8697395,-111.7609896
"361",1,34.8818796,136.5842092
"362",4,34.9592083,-116.419389
"363",1,34.989116,135.7600129
"364",6,35.0077519,-97.092877
"365",1,35.0456297,-85.3096801
"366",1,35.1192359,-89.9375983
"367",1,35.1418193,-120.6409216
"368",1,35.1703037,136.8008305
"369",1,35.1795543,129.0756416
"370",1,35.1814464,136.906398
"371",1,35.2205059,-80.8575394
"372",3,35.2270869,-80.8431267
"373",1,35.24239,-106.315317
"374",1,35.337243,139.486511
"375",1,35.3694562,139.435048
"376",2,35.3732921,-119.0187125
"377",1,35.4386658,-93.9431348
"378",2,35.4437078,139.6380256
"379",3,35.4475073,139.6423446
"380",1,35.4675602,-97.5164276
"381",1,35.5174913,-86.5804473
"382",1,35.5550078,-82.5402916
"383",1,35.5950581,-82.5514869
"384",1,35.6050574,140.1233063
"385",1,35.62893,139.658086
"386",1,35.6391863,139.7304243
"387",2,35.6465721,139.6532473
"388",1,35.6547949,-120.9008428
"389",1,35.6869752,-105.937799
"390",6,35.6894875,139.6917064
"391",1,35.70077,139.739796
"392",1,35.7020691,139.7753269
"393",1,35.7081457,139.666288
"394",7,35.7090259,139.7319925
"395",1,35.7285774,139.477456
"396",5,35.7595731,-79.0192997
"397",2,35.7795897,-78.6381787
"398",1,35.8179143,-79.8030873
"399",1,35.8561401,139.6103522
"400",2,35.86166,104.195397
"401",2,35.907757,127.766922
"402",1,35.9382103,-77.7905339
"403",2,35.9606384,-83.9207392
"404",1,36.0677558,120.3904754
"405",1,36.0839998,-115.1537389
"406",1,36.1211957,-115.1740735
"407",1,36.1527249,-80.3622436
"408",1,36.1626638,-86.7816016
"409",1,36.1699412,-115.1398296
"410",6,36.204824,138.252924
"411",1,36.227387,139.370558
"412",1,36.2524516,-92.6258911
"413",1,36.3285803,-88.2401668
"414",1,36.3417988,-82.3744322
"415",1,36.3665027,140.4709965
"416",1,36.3778261,139.0019453
"417",1,36.5270612,-6.2885962
"418",1,36.5791628,-86.4911345
"419",1,36.7198459,-78.7892229
"420",16,36.778261,-119.4179324
"421",1,36.9439917,-82.4640401
"422",1,36.9741171,-122.0307963
"423",1,36.9922768,-91.9698742
"424",1,36.9958839,-85.9119215
"425",46,37.09024,-95.712891
"426",1,37.2112563,-76.7772486
"427",2,37.2232316,-81.4498717
"428",1,37.30345,-8.849487
"429",1,37.4226924,-122.1686033
"430",4,37.4315734,-78.6568942
"431",1,37.4418834,-122.1430195
"432",1,37.4442013,-122.1615759
"433",1,37.4521285,138.8521964
"434",1,37.4845809,-122.1479209
"435",1,37.5061069,-77.6490005
"436",1,37.5388118,-77.4335949
"437",1,37.5407246,-77.4360481
"438",2,37.566535,126.9779692
"439",1,37.6055675,140.4599701
"440",1,37.7502986,140.4675514
"441",10,37.7749295,-122.4194155
"442",1,37.8215929,-121.9999606
"443",1,37.8271784,-122.2913078
"444",1,37.8321483,-79.3777928
"445",1,37.8393332,-84.2700179
"446",1,37.8715926,-122.272747
"447",1,37.894722,-4.786493
"448",1,37.913321,-114.478596
"449",1,37.9161924,139.0364126
"450",1,37.9642529,-91.8318334
"451",1,37.9688647,-122.0559565
"452",1,37.9735346,-122.5310874
"453",1,37.9778781,-122.2927379
"454",1,37.990079,-84.1796503
"455",1,37.9944285,-3.4769673
"456",1,38.0997912,-86.1585817
"457",1,38.2471547,-85.7448738
"458",2,38.2526647,-85.7584557
"459",1,38.440429,-122.7140548
"460",2,38.5976262,-80.4549026
"461",5,38.6270025,-90.1994042
"462",1,38.6511571,-121.0659405
"463",1,38.6584917,-121.3744265
"464",1,38.8375215,-120.8958242
"465",1,38.8799274,-76.8583709
"466",1,38.8806676,-76.9899755
"467",1,38.9034317,-77.0377204
"468",5,38.9071923,-77.0368707
"469",1,38.909113,-77.04443
"470",1,38.9174439,-76.9694778
"471",1,38.9517053,-92.3340724
"472",1,38.9532501,-77.3945761
"473",1,38.969271,1.338966
"474",1,38.9732385,-76.9604729
"475",1,38.9822282,-94.6707917
"476",1,38.999571,-77.0266067
"477",3,39.011902,-98.4842465
"478",1,39.0200099,1.4821482
"479",5,39.0457549,-76.6412712
"480",2,39.0997265,-94.5785667
"481",2,39.1031182,-84.5120196
"482",1,39.1161738,-94.8827939
"483",1,39.2188663,-76.0690036
"484",3,39.2903848,-76.6121893
"485",2,39.3209801,-111.0937311
"486",1,39.3292396,-82.1012554
"487",1,39.3370876,-76.5373979
"488",1,39.398207,-76.543127
"489",2,39.399872,-8.224454
"490",1,39.4239174,-92.8015773
"491",1,39.4862126,-77.3519285
"492",1,39.4928235,-74.5596879
"493",1,39.5296329,-119.8138027
"494",2,39.5500507,-105.7820674
"495",1,39.6055915,-76.757578
"496",1,39.6981522,-104.8291183
"497",1,39.7047095,-105.0813734
"498",1,39.7284944,-121.8374777
"499",1,39.7392358,-104.990251
"500",1,39.7440869,141.1150813
"501",1,39.7589478,-84.1916069
"502",2,39.768403,-86.158068
"503",1,39.8027644,-105.0874842
"504",1,39.8282172,-98.5795122
"505",1,39.8366527,-104.9591461
"506",1,39.9167783,-75.387693
"507",7,39.9525839,-75.1652215
"508",1,40.0027837,-83.0082218
"509",1,40.0499216,-75.4258399
"510",7,40.0583238,-74.4056612
"511",1,40.0593904,-83.0090694
"512",1,40.0672874,20.1045229
"513",1,40.0703925,-2.1374162
"514",3,40.1087511,-1.2830851
"515",1,40.121497,-75.3399048
"516",1,40.2564921,-74.0908419
"517",1,40.2671941,-86.1349019
"518",1,40.4162883,-3.7033725
"519",2,40.4167754,-3.7037902
"520",6,40.4172871,-82.907123
"521",3,40.4406248,-79.9958864
"522",1,40.463667,-3.74922
"523",1,40.4862157,-74.4518188
"524",1,40.5787171,-110.3273775
"525",2,40.5795317,-74.1502007
"526",1,40.5852602,-105.084423
"527",1,40.5865396,-122.3916754
"528",1,40.5902201,-74.6088397
"529",2,40.6331249,-89.3985283
"530",1,40.6400629,22.9444191
"531",1,40.6681038,-73.9805817
"532",1,40.6765745,-95.8593616
"533",6,40.6781784,-73.9441579
"534",1,40.6973357,-73.9512061
"535",32,40.7127837,-74.0059413
"536",1,40.7249194,-73.9968807
"537",1,40.7251584,-74.004931
"538",1,40.7263542,-73.9865533
"539",1,40.7282239,-73.7948516
"540",1,40.7303933,-73.9870892
"541",1,40.7317696,-73.9841161
"542",1,40.7359217,-114.042866
"543",1,40.7422572,-73.6742323
"544",1,40.7674987,-73.833079
"545",1,40.7688262,-73.967234
"546",1,40.7705903,-74.0201431
"547",1,40.7786227,-73.950884
"548",1,40.7830603,-73.9712488
"549",1,40.7882723,-80.1436057
"550",1,40.789142,-73.134961
"551",1,40.7989473,-81.378447
"552",1,40.8063057,-73.9645541
"553",1,40.8257625,-96.6851982
"554",1,40.827694,140.751117
"555",1,40.8858353,-72.9932969
"556",1,40.8923212,-74.4773775
"557",1,40.9381544,-73.8320784
"558",1,40.9634335,-72.1848009
"559",1,40.9649436,-72.1934589
"560",2,41.0359353,-71.9545146
"561",1,41.0612165,14.8511356
"562",1,41.1408363,-73.2612615
"563",4,41.2033216,-77.1945247
"564",1,41.2053186,-8.2896845
"565",1,41.2053599,-76.004923
"566",1,41.241821,-74.35914
"567",1,41.2459149,-75.8813075
"568",1,41.3144966,-81.83569
"569",1,41.3529997,-83.1584429
"570",2,41.3850639,2.1734035
"571",1,41.404961,-75.033187
"572",1,41.439246,-87.1071477
"573",1,41.4925374,-99.9018131
"574",1,41.49932,-81.6943605
"575",1,41.501761,-88.1182923
"576",1,41.5214755,-90.5689679
"577",1,41.5289224,-112.0168977
"578",1,41.5800945,-71.4774291
"579",4,41.6032207,-73.087749
"580",1,41.6411409,-88.4472948
"581",1,41.6687897,-70.2962408
"582",1,41.6763545,-86.2519898
"583",1,41.7435073,-88.0118473
"584",12,41.8781136,-87.6297982
"585",1,41.8786351,-87.6250549
"586",1,41.9005865,-87.8567276
"587",1,41.909611,-87.771964
"588",1,41.9608902,-87.6635492
"589",1,42.1014831,-72.589811
"590",1,42.1292241,-80.085059
"591",1,42.1428521,-77.0546903
"592",1,42.2161722,-83.3553842
"593",1,42.2411499,-83.6129939
"594",1,42.2418172,-70.889759
"595",1,42.2565289,-71.1240559
"596",1,42.3117285,-71.0449482
"597",1,42.3151978,-71.0913748
"598",4,42.331427,-83.0457538
"599",1,42.3370413,-71.2092214
"600",1,42.3553669,-71.0587693
"601",1,42.3600825,-71.0588801
"602",1,42.365854,-71.102018
"603",1,42.3736158,-71.1097335
"604",1,42.4072107,-71.3824374
"605",1,42.4136428,-70.9915997
"606",1,42.43472,-83.985
"607",2,42.4430372,-71.2289641
"608",1,42.4648558,-96.4130601
"609",1,42.4792618,-71.1522765
"610",1,42.4974085,-82.8963604
"611",1,42.4989936,-83.3677168
"612",1,42.5803122,-83.0302033
"613",1,42.7284117,-73.6917851
"614",2,42.7369792,-84.4838654
"615",1,42.8666803,-88.3334274
"616",1,42.8864468,-78.8783689
"617",1,42.9707393,-85.6796286
"618",1,43.0023146,-89.424092
"619",1,43.0067399,-74.3676356
"620",1,43.0116784,-88.2314813
"621",2,43.0125274,-83.6874562
"622",1,43.0405846,-87.9196785
"623",1,43.0481221,-76.1474244
"624",1,43.0655294,-95.2838876
"625",2,43.0730517,-89.4012302
"626",1,43.1513548,-79.3927698
"627",1,43.1938516,-71.5723953
"628",1,43.4010462,1.135302
"629",3,43.4113604,-106.2800242
"630",1,43.4261809,-73.7123408
"631",1,43.432073,-65.617169
"632",2,43.467517,-79.6876659
"633",2,43.5890452,-79.6441198
"634",1,43.59614,-70.271229
"635",1,43.6187102,-116.2146068
"636",1,43.6434019,-76.0685339
"637",8,43.653226,-79.3831843
"638",1,43.7706355,142.364819
"639",2,43.7844397,-88.7878678
"640",1,43.7924006,-80.1448818
"641",7,43.8169837,-79.532157
"642",1,43.8554024,19.8420937
"643",1,44.016521,21.005859
"644",1,44.0247062,-88.5426136
"645",1,44.0495825,-69.9696243
"646",1,44.0682019,-114.7420408
"647",4,44.3148443,-85.6023643
"648",2,44.3893556,-79.6903316
"649",2,44.4267674,26.1025384
"650",1,44.4582983,-93.161604
"651",1,44.4669941,-73.1709604
"652",1,44.4758825,-73.212072
"653",1,44.647128,10.9252269
"654",1,44.6487635,-63.5752387
"655",1,44.6819866,-63.744311
"656",1,44.9483955,-93.0876457
"657",1,44.9537029,-93.0899578
"658",1,44.9681124,-64.924101
"659",2,44.977753,-93.2650108
"660",1,45.2332984,-93.2913405
"661",1,45.319212,-75.6691652
"662",1,45.4031558,-75.7250742
"663",1,45.4215296,-75.6971931
"664",1,45.4654219,9.1859243
"665",5,45.5016889,-73.567256
"666",2,45.5230622,-122.6764816
"667",1,45.6318397,-122.6716063
"668",1,45.7394559,0.241857
"669",2,45.764043,4.835659
"670",2,45.943161,24.96676
"671",1,46.083333,34.333333
"672",1,46.151241,14.995463
"673",1,46.160329,-1.151139
"674",1,46.194054,21.30299
"675",7,46.227638,2.213749
"676",1,46.4004089,-117.0011889
"677",1,46.605172,-120.496273
"678",3,46.729553,-94.6858998
"679",1,46.7319225,-117.1542121
"680",1,46.7866719,-92.1004852
"681",1,46.8138783,-71.2079809
"682",1,46.8771863,-96.7898034
"683",1,46.9223429,-96.840133
"684",1,46.9753708,-123.8157218
"685",1,47.3768866,8.541694
"686",2,47.516231,14.550072
"687",1,47.5301011,-122.0326191
"688",1,47.5514926,-101.0020119
"689",3,47.6062095,-122.3320708
"690",1,47.6101497,-122.2015159
"691",1,47.6768927,-122.2059833
"692",1,47.7743722,-122.2118104
"693",1,47.8863988,106.9057439
"694",1,48.1344091,11.4526816
"695",1,48.1351253,11.5819806
"696",2,48.3705449,10.89779
"697",1,48.3808951,-89.2476823
"698",1,48.6616037,9.3501336
"699",3,48.856614,2.3522219
"700",1,49.2690663,-123.1419832
"701",4,49.2827291,-123.1207375
"702",1,49.6111926,2.0792983
"703",1,49.69349,-112.84184
"704",1,49.8879519,-119.4960106
"705",2,49.895136,-97.1383744
"706",1,50.0121011,20.9858407
"707",1,50.2660471,-5.0527125
"708",1,50.357113,3.518332
"709",1,50.3915811,-105.5348562
"710",1,50.503887,4.469936
"711",1,50.505926,3.110068
"712",1,50.5718857,-3.9206884
"713",1,50.719164,-1.880769
"714",1,50.7772135,-3.999461
"715",1,50.8588275,-1.3201169
"716",1,50.8765244,-1.6314631
"717",1,50.890312,-1.028751
"718",1,50.9317218,7.02158
"719",1,50.9691692,-114.072545
"720",1,51.0480556,-114.0645293
"721",2,51.0486151,-114.0708459
"722",2,51.165691,10.451526
"723",1,51.214321,-0.798802
"724",4,51.253775,-85.3232139
"725",1,51.3679705,0.070062
"726",1,51.4332367,7.6615938
"727",1,51.442108,-2.856196
"728",2,51.454513,-2.58791
"729",1,51.481581,-3.17909
"730",25,51.5073509,-0.1277583
"731",1,51.5123443,-0.0909852
"732",1,51.5986739,-0.0144602
"733",1,51.745734,-2.217758
"734",1,51.759712,-1.593124
"735",2,51.7659078,0.6673665
"736",1,51.895927,0.891874
"737",1,51.8993855,-2.0782533
"738",1,51.919438,19.145136
"739",1,51.9858237,-2.1639703
"740",1,52.0207975,4.4937836
"741",1,52.1306607,-3.7837117
"742",1,52.1601144,4.4970097
"743",1,52.1608986,4.487127
"744",1,52.2296756,21.0122287
"745",7,52.3555177,-1.1743197
"746",3,52.3702157,4.8951679
"747",1,52.4235157,-1.8337998
"748",2,52.4750743,-1.829833
"749",1,52.486243,-1.890401
"750",1,52.5454549,-1.37667
"751",1,52.6081435,1.4859083
"752",1,52.6308859,1.297355
"753",1,52.6368778,-1.1397592
"754",1,52.6541454,-7.2447879
"755",1,52.6930156,4.8091029
"756",1,52.7063657,-2.7417849
"757",1,52.9399159,-106.4508639
"758",2,52.9547832,-1.1581086
"759",1,52.984184,-0.534458
"760",1,53.067185,-2.524102
"761",1,53.1423672,-7.6920536
"762",1,53.150019,-8.3736439
"763",1,53.2012334,5.7999133
"764",1,53.2326344,-2.6103157
"765",1,53.284175,-4.5626622
"766",1,53.3369132,-6.2523448
"767",1,53.3498053,-6.2603097
"768",1,53.3615946,-1.4730647
"769",1,53.4326035,-1.3635009
"770",2,53.4807593,-2.2426305
"771",2,53.544389,-113.4909267
"772",1,53.645792,-1.785035
"773",1,53.699081,-1.1228683
"774",1,53.702941,-0.876381
"775",1,53.753609,-2.37218
"776",2,53.7670855,-2.6983209
"777",3,53.8007554,-1.5490774
"778",1,53.806226,-1.605054
"779",1,53.9332706,-116.5765035
"780",1,54.283113,-0.399752
"781",1,54.367727,-5.580576
"782",1,54.4144966,-6.1493965
"783",1,54.52361,-1.559458
"784",1,54.5259614,15.2551187
"785",1,54.5913787,-5.6931703
"786",1,54.978252,-1.61778
"787",32,55.378051,-3.435973
"788",1,55.5065194,8.4108376
"789",1,55.64191,12.087845
"790",1,55.9853638,38.1936043
"791",1,56.0018775,-3.7839131
"792",1,56.058809,-3.233915
"793",7,56.130366,-106.346771
"794",1,59.9342802,30.3350986
"795",2,61.2180556,-149.9002778
"796",1,65.4713712,-17.0280279
"1",636,NA,NA
"2100",1,-41.0291733,175.5235181
"3100",1,-40.900557,174.885971
"4100",2,-38.416097,-63.616672
"5100",1,-34.7206336,-58.2546051
"6100",5,-34.6036844,-58.3815591
"797",1,-33.9578659,18.5311402
"810",1,-33.9248685,18.4240553
"910",1,-33.8688197,151.2092955
"1010",1,-33.8343073,18.509576
"1110",1,-33.7139247,25.5207358
"1210",1,-33.525572,149.250803
"1310",1,-33.4488897,-70.6692655
"1410",1,-33.0291582,27.8545867
"1510",1,-33.0153481,-71.5500276
"1610",1,-29.8586804,31.0218404
"1710",1,-27.7472575,152.9532584
"1810",1,-27.4697707,153.0251235
"1910",1,-26.2041028,28.0473051
"2010",1,-26.1075663,28.0567007
"2110",1,-25.274398,133.775136
"2210",1,-23.5505199,-46.6333094
"2310",1,-22.9068467,-43.1728965
"2410",1,-20.348404,57.552152
"2510",2,-14.235004,-51.92528
"2610",1,-13.133897,27.849332
"2710",1,-7.5740867,112.28609
"2810",1,-6.9174639,107.6191228
"2910",1,-6.5513972,106.8174222
"3010",1,-6.2382699,106.9755726
"3110",1,-6.2087634,106.845599
"3210",1,-6.1744651,106.822745
"3310",1,-5.1782884,-80.6548882
"3410",1,-1.2920659,36.8219462
"3510",3,-0.789275,113.921327
"3610",2,-0.0917016,34.7679568
"3710",1,0.5070677,101.4477793
"3810",1,0.6546257,30.2801166
"3910",1,1.352083,103.819836
"4010",1,4.1682138,10.0807298
"4110",2,4.210484,101.975766
"4210",2,4.570868,-74.297333
"4310",1,4.9730872,6.1089697
"4410",2,5.6037168,-0.1869644
"4510",7,6.5243793,3.3792057
"4610",1,7.369722,12.354722
"4710",1,7.946527,-1.023194
"4810",1,7.9519331,98.3380884
"4910",5,9.081999,8.675277
"5010",1,9.2209337,99.8491982
"5110",1,9.748917,-83.753428
"5210",1,9.933715,-84.069168
"5310",1,10.0677719,-69.3473509
"5410",1,10.5104642,7.4165053
"5510",1,10.7904833,78.7046725
"5610",1,10.8230989,106.6296638
"5710",1,10.9570221,-63.8699655
"5810",1,12.862807,30.217636
"5910",1,12.879721,121.774017
"6010",1,12.9505731,74.8724256
"6110",6,12.9715987,77.5945627
"6210",3,13.0826802,80.2707184
"6310",1,13.193887,-59.543198
"6410",1,13.3611431,100.9846717
"6510",1,13.6682174,100.614025
"6610",1,13.745117,100.5197683
"6710",1,13.7560243,100.4986793
"6810",4,13.7563309,100.5017651
"6910",1,13.8067765,100.0384982
"7010",1,14.6349149,-90.5068824
"7110",1,14.6760413,121.0437003
"7210",1,15.199999,-86.241905
"7310",5,15.870032,100.992541
"7410",1,16.5061743,80.6480153
"7510",1,17.2472528,80.1514447
"7610",1,17.385044,78.486671
"7710",1,18.0178743,-76.8099041
"7810",1,18.4865807,73.8501103
"798",1,18.518108,73.8790186
"801",1,18.5204303,73.8567437
"811",1,18.6590633,-99.1954432
"821",6,19.0759837,72.8776559
"831",1,19.3133,-81.2546
"841",1,19.321124,-99.370089
"851",1,19.4326077,-99.133208
"861",1,19.5327933,-99.1457882
"871",1,19.9974533,73.7898023
"881",7,20.593684,78.96288
"891",1,20.6786652,-101.3544964
"901",1,21.5177171,39.1625722
"911",1,22.258652,71.1923805
"921",3,22.572646,88.363895
"931",1,22.9867569,87.8549755
"941",1,23.1135925,-82.3665956
"951",1,23.2599333,77.412615
"961",2,23.424076,53.847818
"971",2,23.634501,-102.552784
"981",1,23.810332,90.4125181
"991",1,23.8223486,90.3654204
"1001",1,24.7135517,46.6752957
"1011",1,24.8614622,67.0099388
"1021",2,25.0479835,-77.355413
"1031",1,25.216667,55.166667
"1041",1,25.7237656,86.5860552
"1051",4,25.7616798,-80.1917902
"1061",1,25.8294153,-80.3373765
"1071",1,26.009877,-80.1443479
"1081",1,26.1224386,-80.1373174
"1091",1,26.2378597,-80.1247667
"1101",1,26.449923,80.3318736
"1111",1,26.7056206,-80.0364297
"1121",1,27.0238036,74.2179326
"1131",1,27.0997775,-82.4542632
"1141",1,27.4924134,77.673673
"1151",7,27.6648274,-81.5157535
"1161",1,27.763383,-82.5436722
"1171",2,27.950575,-82.4571776
"1181",1,27.9636982,-82.4138927
"1191",1,28.0888298,-80.6520272
"1201",1,28.2179994,94.7277528
"1211",2,28.2915637,-16.6291304
"1221",2,28.394857,84.124008
"1231",2,28.4743207,-81.4678193
"1241",1,28.5383355,-81.3792365
"1251",4,28.6139391,77.2090212
"1261",1,28.7040592,77.1024902
"1271",1,28.9268128,77.0967357
"1281",1,29.1043813,53.045893
"1291",1,29.5815012,74.3294199
"1301",3,29.7604267,-95.3698028
"1311",1,30.0444196,31.2357116
"1321",1,30.1452928,74.1993043
"1331",3,30.3321838,-81.655651
"1341",1,30.375321,69.345116
"1351",1,30.4200708,-86.6170308
"1361",1,30.4382559,-84.2807329
"1371",1,30.4582829,-91.1403196
"1381",1,30.7333148,76.7794179
"1391",1,30.7865086,31.0003757
"1401",1,30.8167525,-92.658557
"1411",1,30.9842977,-91.9623327
"1421",2,31.5546061,74.3571581
"1431",1,31.5601464,130.5579779
"1441",1,31.7618778,-106.4850217
"1451",4,31.9685988,-99.9018131
"1461",1,32.0835407,-81.0998342
"1471",1,32.0947711,20.1879106
"1481",3,32.1656221,-82.9000751
"1491",1,32.2217429,-110.926479
"1501",1,32.3199396,-106.7636538
"1511",1,32.3546679,-89.3985283
"1521",7,32.4206736,-104.2288375
"1531",1,32.715738,-117.1610838
"1541",1,32.735687,-97.1080656
"1551",1,32.7597306,-117.1548954
"1561",1,32.7732044,-97.3516558
"1571",2,32.7766642,-96.7969879
"1581",1,32.8370727,-97.0819541
"1591",2,32.940444,-97.1060202
"1601",1,32.9620968,-96.7863844
"1611",1,32.991155,-117.2711481
"1621",1,33.0066571,-96.6638088
"1631",1,33.0145673,-97.0969552
"1641",1,33.0238345,-82.2482734
"1651",1,33.1281729,-87.5435599
"1661",1,33.1859958,-80.5756533
"1671",1,33.223191,43.679291
"1681",1,33.3128057,44.3614875
"1691",1,33.3942655,-104.5230242
"1701",1,33.4483771,-112.0740373
"1711",1,33.4738357,-84.5152473
"1721",2,33.5206608,-86.80249
"1731",1,33.5422475,-117.7831104
"1741",1,33.5731104,-7.5898434
"1751",1,33.5903547,130.4017155
"1761",1,33.660076,-95.5565965
"1771",1,33.6890603,-78.8866943
"1781",1,33.6921818,-117.892761
"1791",1,33.7174708,-117.8311428
"1801",2,33.7489954,-84.3879824
"1811",1,33.755711,-84.3883717
"1821",3,33.7589188,-84.3640829
"1831",1,33.854721,35.862285
"1841",1,33.886917,9.537499
"1851",2,33.9224589,35.5914275
"1861",1,33.9420506,-118.4230794
"1871",1,33.952602,-84.5499327
"1881",1,34.0039039,-117.0619755
"1891",1,34.0194543,-118.4911912
"1901",1,34.0211224,-118.3964665
"1911",1,34.043142,-118.2548136
"1921",2,34.0489281,-111.0937311
"1931",1,34.0500313,-84.0885761
"1941",8,34.0522342,-118.2436849
"1951",1,34.0555693,-117.1825381
"1961",1,34.0633443,-117.6508876
"1971",1,34.0736204,-118.4003563
"1981",1,34.0900091,-118.3617443
"1991",1,34.0928092,-118.3286614
"2001",1,34.1014873,-84.5193754
"2011",1,34.1112226,-82.8670839
"2021",1,34.2952505,132.3217936
"2031",1,34.3614336,-86.3442107
"2041",1,34.6004912,-112.4655652
"2051",1,34.6594444,135.4996302
"2061",1,34.6651622,133.929256
"2071",1,34.6712347,133.8991844
"2081",1,34.6720356,-92.9987886
"2091",1,34.6812614,135.5098009
"2101",1,34.6834382,-82.8373654
"2111",2,34.802075,38.996815
"2121",1,35.0116363,135.7680294
"2131",1,35.0274367,-97.9599739
"2141",1,35.126413,33.429859
"2151",1,35.2035448,-80.7331708
"2161",1,35.2188537,-97.4721067
"2171",1,35.262082,-81.1873005
"2181",1,35.2775488,-80.765361
"2191",1,35.5174913,-86.5804473
"2201",1,35.6391863,139.7304243
"2211",2,35.6465721,139.6532473
"2221",1,35.6641575,138.5684486
"2231",3,35.6894875,139.6917064
"2241",1,35.7090259,139.7319925
"2251",1,35.7595731,-79.0192997
"2261",1,35.859466,-86.4470038
"2271",1,35.9743275,-78.9236424
"2281",1,35.9940329,-78.898619
"2291",1,36.1699412,-115.1398296
"2301",4,36.204824,138.252924
"2311",1,36.2695388,-95.8547119
"2321",1,36.4083514,136.445571
"2331",1,36.5316485,-6.1831947
"2341",1,36.6371434,-121.09191
"2351",4,36.778261,-119.4179324
"2361",1,36.8507689,-76.2858726
"2371",10,37.09024,-95.712891
"2381",1,37.4315734,-78.6568942
"2391",1,37.5482697,-121.9885719
"2401",1,37.5735567,-77.5218127
"2411",1,37.6583055,-122.4064466
"2421",1,37.7747102,-122.4100898
"2431",6,37.7749295,-122.4194155
"2441",1,37.7837642,-122.4107321
"2451",1,37.8043637,-122.2711137
"2461",1,37.8393332,-84.2700179
"2471",2,37.8431142,-78.3534145
"2481",1,37.8590937,-122.4852507
"2491",1,37.9357576,-122.3477486
"2501",1,38.2554388,140.3396017
"2511",1,38.2688373,140.8721
"2521",1,38.4873902,-78.7713316
"2531",1,38.5490014,-90.343599
"2541",1,38.6270025,-90.1994042
"2551",1,38.8402805,-97.6114237
"2561",1,38.8799697,-77.1067698
"2571",1,38.8806676,-76.9899755
"2581",1,38.8976763,-77.0365298
"2591",1,38.8978842,-77.0293718
"2601",3,38.9071923,-77.0368707
"2611",1,38.963745,35.243322
"2621",1,38.969271,1.338966
"2631",1,39.011902,-98.4842465
"2641",1,39.0457549,-76.6412712
"2651",1,39.0997265,-94.5785667
"2661",1,39.230723,-76.822477
"2671",1,39.2683079,-9.1581115
"2681",1,39.2848804,-8.704075
"2691",2,39.2903848,-76.6121893
"2701",1,39.399872,-8.224454
"2711",1,39.5296329,-119.8138027
"2721",2,39.5500507,-105.7820674
"2731",1,39.613321,-105.0166498
"2741",1,39.6390224,22.4191254
"2751",1,39.7036194,141.1526839
"2761",1,39.7294319,-104.8319195
"2771",1,39.9333635,32.8597419
"2781",2,39.9525839,-75.1652215
"2791",1,39.9611755,-82.9987942
"2801",1,39.9613759,-105.5108312
"2811",1,39.962211,-76.77428
"2821",1,39.9625984,-76.727745
"2831",1,40.005372,-86.15598
"2841",1,40.0179894,-74.8798297
"2851",1,40.0570223,-75.0529113
"2861",8,40.0583238,-74.4056612
"2871",1,40.0873329,-74.9034996
"2881",1,40.1087511,-1.2830851
"2891",1,40.1105875,-88.2072697
"2901",1,40.3918127,-3.6586403
"2911",1,40.4167754,-3.7037902
"2921",2,40.4172871,-82.907123
"2931",1,40.4392049,-79.9634386
"2941",2,40.4406248,-79.9958864
"2951",1,40.463667,-3.74922
"2961",1,40.526835,-111.8879889
"2971",1,40.5902201,-74.6088397
"2981",1,40.6413266,-8.6536321
"2991",1,40.6600434,-74.171557
"3001",1,40.6958108,-73.8272029
"3011",7,40.7127837,-74.0059413
"3021",1,40.735657,-74.1723667
"3031",1,40.7544843,-86.3566659
"3041",1,40.7643204,-73.9717272
"3051",1,40.7830603,-73.9712488
"3061",1,40.8050565,-81.935143
"3071",1,40.8197028,-74.1187824
"3081",1,40.8257625,-96.6851982
"3091",1,40.8447819,-73.8648268
"3101",1,40.912639,-111.892748
"3111",1,40.9167654,-74.171811
"3121",1,40.9634335,-72.1848009
"3131",3,41.0082376,28.9783589
"3141",1,41.008583,28.980175
"3151",1,41.0359353,-71.9545146
"3161",1,41.061377,-85.2140721
"3171",1,41.0814447,-81.5190053
"3181",3,41.2033216,-77.1945247
"3191",1,41.2963728,13.2332657
"3201",1,41.3850639,2.1734035
"3211",1,41.5288686,-72.0806138
"3221",1,41.5866309,-71.651254
"3231",2,41.6032207,-73.087749
"3241",1,41.6552418,12.989615
"3251",1,41.7151377,44.827096
"3261",1,41.800733,-87.980523
"3271",1,41.8239891,-71.4128343
"3281",2,41.87194,12.56738
"3291",3,41.8781136,-87.6297982
"3301",1,41.8877194,-88.3081499
"3311",1,41.900101,-71.0897674
"3321",2,41.909611,-87.771964
"3331",1,41.9584457,-70.6672621
"3341",1,42.0970023,-79.2353259
"3351",1,42.2518829,-73.7882954
"3361",1,42.2637503,-71.0788203
"3371",1,42.351905,-71.059524
"3381",4,42.3600825,-71.0588801
"3391",2,42.4072107,-71.3824374
"3401",1,42.4989936,-83.3677168
"3411",1,42.5300624,-78.4727976
"3421",1,42.6977082,23.3218675
"3431",1,42.9872547,-85.0711174
"3441",1,43.0125274,-83.6874562
"3451",1,43.0536866,141.3226674
"3461",1,43.1706128,-78.6903098
"3471",1,43.2203266,142.8634737
"3481",1,43.25824,-0.420908
"3491",1,43.2994285,-74.2179326
"3501",1,43.5126003,-89.4146075
"3511",1,43.5153902,5.4437122
"3521",1,43.647474,-79.396203
"3531",3,43.653226,-79.3831843
"3541",1,43.7130329,-79.3992998
"3551",1,43.7908459,11.7195715
"3561",2,43.8041334,-120.5542012
"3571",7,43.8169837,-79.532157
"3581",1,43.872129,-71.9129806
"3591",1,43.9653889,-70.8226541
"3601",2,44.3148443,-85.6023643
"3611",1,44.4267674,26.1025384
"3621",1,44.5628889,27.3613656
"3631",1,44.6443379,-63.5718293
"3641",1,44.7647329,-93.3591147
"3651",1,44.786568,20.4489216
"3661",1,44.8348405,-92.9925577
"3671",1,44.928034,-93.354015
"3681",1,44.977753,-93.2650108
"3691",1,45.0853814,-93.0081479
"3701",1,45.1538202,-94.0190943
"3711",1,45.4215296,-75.6971931
"3721",1,45.4654219,9.1859243
"3731",1,45.5945645,-121.1786823
"3741",1,45.6982642,9.6772698
"3751",1,45.764043,4.835659
"3761",1,46.1904614,7.5449226
"3771",3,46.227638,2.213749
"3781",1,46.8138783,-71.2079809
"3791",1,46.818188,8.227512
"3801",1,46.8742352,-113.9922161
"3811",1,47.162494,19.503304
"3821",3,47.516231,14.550072
"3831",3,47.6062095,-122.3320708
"3841",1,47.6101497,-122.2015159
"3851",2,47.6587802,-117.4260466
"3861",1,47.997542,-4.097899
"3871",1,48.1351253,11.5819806
"3881",1,48.4284207,-123.3656444
"3891",2,48.856614,2.3522219
"3901",1,49.050415,7.427276
"3911",1,49.214439,-2.13125
"3921",1,49.2501243,-123.0824217
"3931",1,49.2827291,-123.1207375
"3941",1,49.3199816,-123.0724139
"3951",1,49.895136,-97.1383744
"3961",1,50.1109221,8.6821267
"3971",1,50.118346,7.3089527
"3981",2,50.503887,4.469936
"3991",2,50.5732769,2.3244679
"4001",1,50.719164,-1.880769
"4011",2,50.8503396,4.3517103
"4021",1,50.8503463,4.3517211
"4031",1,50.8765244,-1.6314631
"4041",1,50.9411176,-1.4230311
"4051",1,51.0486151,-114.0708459
"4061",4,51.165691,10.451526
"4071",1,51.205163,-4.126762
"4081",1,51.2519187,0.544122
"4091",1,51.253775,-85.3232139
"4101",1,51.2787075,0.5217254
"4111",1,51.2822599,1.0744153
"4121",1,51.3814457,-2.3614897
"4131",1,51.386322,0.551438
"4141",1,51.41233,-0.300689
"4151",2,51.4332367,7.6615938
"4161",1,51.454513,-2.58791
"4171",1,51.474191,-0.069137
"4181",1,51.481581,-3.17909
"4191",1,51.4817279,-0.613576
"4201",17,51.5073509,-0.1277583
"4211",1,51.5214993,-0.1365872
"4221",1,51.620475,0.3071749
"4231",1,51.825366,-3.019423
"4241",2,51.919438,19.145136
"4251",2,51.945073,0.639032
"4261",1,52.0207975,4.4937836
"4271",1,52.0406224,-0.7594171
"4281",1,52.056736,1.14822
"4291",1,52.0627394,-0.5292091
"4301",1,52.132633,5.291266
"4311",1,52.1872472,0.9707801
"4321",1,52.19173,-1.708298
"4331",1,52.193636,-2.221575
"4341",1,52.2671353,-1.4675216
"4351",8,52.3555177,-1.1743197
"4361",1,52.3702157,4.8951679
"4371",3,52.4750743,-1.829833
"4381",1,52.6139686,0.8864021
"4391",1,52.651282,-0.480216
"4401",1,52.6930156,4.8091029
"4411",2,52.8792745,-2.0571868
"4421",1,52.8797376,-7.9578079
"4431",1,53.002668,-2.179404
"4441",1,53.1423672,-7.6920536
"4451",1,53.193392,-2.893075
"4461",1,53.279812,-2.897404
"4471",1,53.3005939,-2.371833
"4481",1,53.3325341,-1.8876721
"4491",1,53.3498053,-6.2603097
"4501",1,53.381129,-1.470085
"4511",1,53.3855865,-2.3502081
"4521",1,53.4183839,50.4725528
"4531",2,53.4807593,-2.2426305
"4541",1,53.544389,-113.4909267
"4551",1,53.723466,-1.345968
"4561",1,53.7266683,-127.6476206
"4571",1,53.8007554,-1.5490774
"4581",1,53.806226,-1.605054
"4591",1,53.9252324,-6.4889423
"4601",1,54.0521517,-1.8965397
"4611",1,54.5259614,-105.2551187
"4621",1,54.5259614,15.2551187
"4631",1,54.5356126,30.4244112
"4641",1,54.5772323,-2.7974835
"4651",1,54.7195338,-6.2072498
"4661",1,54.897432,-1.517366
"4671",1,54.9669835,-1.6176468
"4681",2,54.978252,-1.61778
"4691",1,55.2082542,-2.0784138
"4701",13,55.378051,-3.435973
"4711",2,55.864237,-4.251806
"4721",10,56.130366,-106.346771
"4731",1,56.26392,9.501785
"4741",1,57.149717,-2.094278
"4751",1,59.9138688,10.7522454
"4761",1,60.7467784,15.35923
"4771",1,61.52401,105.318756
"4781",1,62.390811,17.306927
"4791",1,62.4113634,-149.0729715
